,region,powertrain,year,value
0,Australia,BEV,2011,49.0
1,Australia,BEV,2012,170.0
2,Australia,BEV,2013,190.0
3,Australia,BEV,2014,370.0
4,Australia,BEV,2015,760.0
5,Australia,BEV,2016,670.0
6,Australia,BEV,2017,1200.0
7,Australia,BEV,2018,1800.0
8,Australia,BEV,2019,6300.0
9,Australia,BEV,2020,5200.0
10,Australia,BEV,2021,17000.0
11,Australia,BEV,2022,33000.0
12,Australia,PHEV,2012,80.0
13,Australia,PHEV,2013,100.0
14,Australia,PHEV,2014,950.0
15,Australia,PHEV,2015,1000.0
16,Australia,PHEV,2016,700.0
17,Australia,PHEV,2017,1100.0
18,Australia,PHEV,2018,1800.0
19,Australia,PHEV,2019,2900.0
20,Australia,PHEV,2020,1700.0
21,Australia,PHEV,2021,3400.0
22,Australia,PHEV,2022,5900.0
23,Austria,BEV,2013,650.0
24,Austria,BEV,2014,1700.0
25,Austria,BEV,2015,1700.0
26,Austria,BEV,2016,3800.0
27,Austria,BEV,2017,5400.0
28,Austria,BEV,2018,6800.0
29,Austria,BEV,2019,9300.0
30,Austria,BEV,2020,16000.0
31,Austria,BEV,2021,33000.0
32,Austria,BEV,2022,34000.0
33,Austria,PHEV,2015,1100.0
34,Austria,PHEV,2016,1200.0
35,Austria,PHEV,2017,1700.0
36,Austria,PHEV,2018,2300.0
37,Austria,PHEV,2019,2200.0
38,Austria,PHEV,2020,7600.0
39,Austria,PHEV,2021,15000.0
40,Austria,PHEV,2022,13000.0
41,Belgium,BEV,2010,48.0
42,Belgium,BEV,2011,280.0
43,Belgium,BEV,2012,570.0
44,Belgium,BEV,2013,500.0
45,Belgium,BEV,2014,1300.0
46,Belgium,BEV,2015,1400.0
47,Belgium,BEV,2016,2100.0
48,Belgium,BEV,2017,2700.0
49,Belgium,BEV,2018,3600.0
50,Belgium,BEV,2019,8800.0
51,Belgium,BEV,2020,15000.0
52,Belgium,BEV,2021,23000.0
53,Belgium,BEV,2022,38000.0
54,Belgium,PHEV,2010,8.0
55,Belgium,PHEV,2011,16.0
56,Belgium,PHEV,2012,340.0
57,Belgium,PHEV,2013,60.0
58,Belgium,PHEV,2014,650.0
59,Belgium,PHEV,2015,2500.0
60,Belgium,PHEV,2016,7100.0
61,Belgium,PHEV,2017,12000.0
62,Belgium,PHEV,2018,9600.0
63,Belgium,PHEV,2019,8900.0
64,Belgium,PHEV,2020,32000.0
65,Belgium,PHEV,2021,48000.0
66,Belgium,PHEV,2022,59000.0
67,Brazil,BEV,2012,74.0
68,Brazil,BEV,2013,130.0
69,Brazil,BEV,2014,61.0
70,Brazil,BEV,2015,59.0
71,Brazil,BEV,2016,130.0
72,Brazil,BEV,2017,25.0
73,Brazil,BEV,2018,66.0
74,Brazil,BEV,2019,540.0
75,Brazil,BEV,2020,680.0
76,Brazil,BEV,2021,2900.0
77,Brazil,BEV,2022,8500.0
78,Brazil,PHEV,2012,18.0
79,Brazil,PHEV,2013,33.0
80,Brazil,PHEV,2015,28.0
81,Brazil,PHEV,2016,47.0
82,Brazil,PHEV,2017,290.0
83,Brazil,PHEV,2018,230.0
84,Brazil,PHEV,2019,1400.0
85,Brazil,PHEV,2020,1800.0
86,Brazil,PHEV,2021,11000.0
87,Brazil,PHEV,2022,10000.0
88,Canada,BEV,2011,220.0
89,Canada,BEV,2012,620.0
90,Canada,BEV,2013,1600.0
91,Canada,BEV,2014,2800.0
92,Canada,BEV,2015,4400.0
93,Canada,BEV,2016,5200.0
94,Canada,BEV,2017,8700.0
95,Canada,BEV,2018,23000.0
96,Canada,BEV,2019,32000.0
97,Canada,BEV,2020,37000.0
98,Canada,BEV,2021,59000.0
99,Canada,BEV,2022,85000.0
100,Canada,PHEV,2011,300.0
101,Canada,PHEV,2012,1300.0
102,Canada,PHEV,2013,1500.0
103,Canada,PHEV,2014,2300.0
104,Canada,PHEV,2015,2400.0
105,Canada,PHEV,2016,6400.0
106,Canada,PHEV,2017,8000.0
107,Canada,PHEV,2018,21000.0
108,Canada,PHEV,2019,19000.0
109,Canada,PHEV,2020,14000.0
110,Canada,PHEV,2021,28000.0
111,Canada,PHEV,2022,29000.0
112,Chile,BEV,2011,6.0
113,Chile,BEV,2012,5.0
114,Chile,BEV,2013,5.0
115,Chile,BEV,2014,3.0
116,Chile,BEV,2015,13.0
117,Chile,BEV,2016,22.0
118,Chile,BEV,2017,120.0
119,Chile,BEV,2018,110.0
120,Chile,BEV,2019,160.0
121,Chile,BEV,2020,110.0
122,Chile,BEV,2021,270.0
123,Chile,BEV,2022,880.0
124,Chile,PHEV,2014,14.0
125,Chile,PHEV,2015,23.0
126,Chile,PHEV,2016,9.0
127,Chile,PHEV,2017,15.0
128,Chile,PHEV,2018,68.0
129,Chile,PHEV,2019,140.0
130,Chile,PHEV,2020,79.0
131,Chile,PHEV,2021,300.0
132,Chile,PHEV,2022,620.0
133,China,BEV,2010,1100.0
134,China,BEV,2011,4800.0
135,China,BEV,2012,9600.0
136,China,BEV,2013,15000.0
137,China,BEV,2014,49000.0
138,China,BEV,2015,150000.0
139,China,BEV,2016,260000.0
140,China,BEV,2017,470000.0
141,China,BEV,2018,820000.0
142,China,BEV,2019,830000.0
143,China,BEV,2020,920000.0
144,China,BEV,2021,2700000.0
145,China,BEV,2022,4400000.0
146,China,PHEV,2010,340.0
147,China,PHEV,2011,320.0
148,China,PHEV,2012,260.0
149,China,PHEV,2013,730.0
150,China,PHEV,2014,24000.0
151,China,PHEV,2015,61000.0
152,China,PHEV,2016,79000.0
153,China,PHEV,2017,110000.0
154,China,PHEV,2018,270000.0
155,China,PHEV,2019,230000.0
156,China,PHEV,2020,220000.0
157,China,PHEV,2021,550000.0
158,China,PHEV,2022,1500000.0
159,Denmark,BEV,2011,420.0
160,Denmark,BEV,2012,490.0
161,Denmark,BEV,2013,500.0
162,Denmark,BEV,2014,1600.0
163,Denmark,BEV,2015,4300.0
164,Denmark,BEV,2016,1300.0
165,Denmark,BEV,2017,710.0
166,Denmark,BEV,2018,1500.0
167,Denmark,BEV,2019,5500.0
168,Denmark,BEV,2020,14000.0
169,Denmark,BEV,2021,25000.0
170,Denmark,BEV,2022,31000.0
171,Denmark,PHEV,2011,2.0
172,Denmark,PHEV,2012,12.0
173,Denmark,PHEV,2013,10.0
174,Denmark,PHEV,2014,90.0
175,Denmark,PHEV,2015,420.0
176,Denmark,PHEV,2016,570.0
177,Denmark,PHEV,2017,620.0
178,Denmark,PHEV,2018,3100.0
179,Denmark,PHEV,2019,3900.0
180,Denmark,PHEV,2020,18000.0
181,Denmark,PHEV,2021,40000.0
182,Denmark,PHEV,2022,26000.0
183,EU27,BEV,2010,1400.0
184,EU27,BEV,2011,6700.0
185,EU27,BEV,2012,12000.0
186,EU27,BEV,2013,21000.0
187,EU27,BEV,2014,32000.0
188,EU27,BEV,2015,49000.0
189,EU27,BEV,2016,53000.0
190,EU27,BEV,2017,84000.0
191,EU27,BEV,2018,130000.0
192,EU27,BEV,2019,250000.0
193,EU27,BEV,2020,540000.0
194,EU27,BEV,2021,880000.0
195,EU27,BEV,2022,1100000.0
196,EU27,PHEV,2010,9.0
197,EU27,PHEV,2011,380.0
198,EU27,PHEV,2012,7300.0
199,EU27,PHEV,2013,24000.0
200,EU27,PHEV,2014,24000.0
201,EU27,PHEV,2015,70000.0
202,EU27,PHEV,2016,65000.0
203,EU27,PHEV,2017,86000.0
204,EU27,PHEV,2018,110000.0
205,EU27,PHEV,2019,140000.0
206,EU27,PHEV,2020,510000.0
207,EU27,PHEV,2021,870000.0
208,EU27,PHEV,2022,880000.0
209,Europe,BEV,2010,2000.0
210,Europe,BEV,2011,10000.0
211,Europe,BEV,2012,18000.0
212,Europe,BEV,2013,33000.0
213,Europe,BEV,2014,62000.0
214,Europe,BEV,2015,88000.0
215,Europe,BEV,2016,92000.0
216,Europe,BEV,2017,140000.0
217,Europe,BEV,2018,200000.0
218,Europe,BEV,2019,360000.0
219,Europe,BEV,2020,750000.0
220,Europe,BEV,2021,1200000.0
221,Europe,BEV,2022,1600000.0
222,Europe,PHEV,2010,30.0
223,Europe,PHEV,2011,430.0
224,Europe,PHEV,2012,9000.0
225,Europe,PHEV,2013,26000.0
226,Europe,PHEV,2014,34000.0
227,Europe,PHEV,2015,100000.0
228,Europe,PHEV,2016,120000.0
229,Europe,PHEV,2017,160000.0
230,Europe,PHEV,2018,190000.0
231,Europe,PHEV,2019,210000.0
232,Europe,PHEV,2020,630000.0
233,Europe,PHEV,2021,1100000.0
234,Europe,PHEV,2022,1000000.0
235,Finland,BEV,2011,30.0
236,Finland,BEV,2012,51.0
237,Finland,BEV,2013,50.0
238,Finland,BEV,2014,180.0
239,Finland,BEV,2015,240.0
240,Finland,BEV,2016,220.0
241,Finland,BEV,2017,500.0
242,Finland,BEV,2018,780.0
243,Finland,BEV,2019,1900.0
244,Finland,BEV,2020,4200.0
245,Finland,BEV,2021,10000.0
246,Finland,BEV,2022,15000.0
247,Finland,PHEV,2012,130.0
248,Finland,PHEV,2013,170.0
249,Finland,PHEV,2014,260.0
250,Finland,PHEV,2015,420.0
251,Finland,PHEV,2016,1200.0
252,Finland,PHEV,2017,2600.0
253,Finland,PHEV,2018,4900.0
254,Finland,PHEV,2019,6000.0
255,Finland,PHEV,2020,13000.0
256,Finland,PHEV,2021,20000.0
257,Finland,PHEV,2022,16000.0
258,France,BEV,2010,190.0
259,France,BEV,2011,2600.0
260,France,BEV,2012,5700.0
261,France,BEV,2013,8800.0
262,France,BEV,2014,11000.0
263,France,BEV,2015,17000.0
264,France,BEV,2016,22000.0
265,France,BEV,2017,25000.0
266,France,BEV,2018,31000.0
267,France,BEV,2019,43000.0
268,France,BEV,2020,110000.0
269,France,BEV,2021,160000.0
270,France,BEV,2022,210000.0
271,France,PHEV,2011,96.0
272,France,PHEV,2012,600.0
273,France,PHEV,2013,830.0
274,France,PHEV,2014,2100.0
275,France,PHEV,2015,5700.0
276,France,PHEV,2016,7400.0
277,France,PHEV,2017,12000.0
278,France,PHEV,2018,15000.0
279,France,PHEV,2019,19000.0
280,France,PHEV,2020,75000.0
281,France,PHEV,2021,140000.0
282,France,PHEV,2022,130000.0
283,Germany,BEV,2010,140.0
284,Germany,BEV,2011,1400.0
285,Germany,BEV,2012,2200.0
286,Germany,BEV,2013,5200.0
287,Germany,BEV,2014,9100.0
288,Germany,BEV,2015,12000.0
289,Germany,BEV,2016,11000.0
290,Germany,BEV,2017,25000.0
291,Germany,BEV,2018,36000.0
292,Germany,BEV,2019,63000.0
293,Germany,BEV,2020,190000.0
294,Germany,BEV,2021,360000.0
295,Germany,BEV,2022,470000.0
296,Germany,PHEV,2011,240.0
297,Germany,PHEV,2012,1200.0
298,Germany,PHEV,2013,1600.0
299,Germany,PHEV,2014,4400.0
300,Germany,PHEV,2015,11000.0
301,Germany,PHEV,2016,13000.0
302,Germany,PHEV,2017,29000.0
303,Germany,PHEV,2018,31000.0
304,Germany,PHEV,2019,45000.0
305,Germany,PHEV,2020,200000.0
306,Germany,PHEV,2021,330000.0
307,Germany,PHEV,2022,360000.0
308,Greece,BEV,2013,3.0
309,Greece,BEV,2014,39.0
310,Greece,BEV,2015,35.0
311,Greece,BEV,2016,41.0
312,Greece,BEV,2017,50.0
313,Greece,BEV,2018,88.0
314,Greece,BEV,2019,190.0
315,Greece,BEV,2020,680.0
316,Greece,BEV,2021,2200.0
317,Greece,BEV,2022,2800.0
318,Greece,PHEV,2015,22.0
319,Greece,PHEV,2016,56.0
320,Greece,PHEV,2017,140.0
321,Greece,PHEV,2018,210.0
322,Greece,PHEV,2019,290.0
323,Greece,PHEV,2020,1500.0
324,Greece,PHEV,2021,4800.0
325,Greece,PHEV,2022,5500.0
326,Iceland,BEV,2012,17.0
327,Iceland,BEV,2013,80.0
328,Iceland,BEV,2014,200.0
329,Iceland,BEV,2015,390.0
330,Iceland,BEV,2016,380.0
331,Iceland,BEV,2017,850.0
332,Iceland,BEV,2018,780.0
333,Iceland,BEV,2019,910.0
334,Iceland,BEV,2020,2600.0
335,Iceland,BEV,2021,4300.0
336,Iceland,BEV,2022,6900.0
337,Iceland,PHEV,2012,9.0
338,Iceland,PHEV,2013,23.0
339,Iceland,PHEV,2014,29.0
340,Iceland,PHEV,2015,170.0
341,Iceland,PHEV,2016,780.0
342,Iceland,PHEV,2017,2200.0
343,Iceland,PHEV,2018,2900.0
344,Iceland,PHEV,2019,1700.0
345,Iceland,PHEV,2020,2400.0
346,Iceland,PHEV,2021,4900.0
347,Iceland,PHEV,2022,5000.0
348,India,BEV,2010,450.0
349,India,BEV,2011,1400.0
350,India,BEV,2012,190.0
351,India,BEV,2013,410.0
352,India,BEV,2014,1000.0
353,India,BEV,2015,450.0
354,India,BEV,2016,730.0
355,India,BEV,2017,920.0
356,India,BEV,2018,920.0
357,India,BEV,2019,680.0
358,India,BEV,2020,3100.0
359,India,BEV,2021,12000.0
360,India,BEV,2022,48000.0
361,India,PHEV,2019,7.0
362,India,PHEV,2020,43.0
363,India,PHEV,2021,50.0
364,India,PHEV,2022,23.0
365,Israel,BEV,2011,3.0
366,Israel,BEV,2012,600.0
367,Israel,BEV,2013,460.0
368,Israel,BEV,2014,6.0
369,Israel,BEV,2015,3.0
370,Israel,BEV,2016,5.0
371,Israel,BEV,2017,130.0
372,Israel,BEV,2018,130.0
373,Israel,BEV,2019,850.0
374,Israel,BEV,2020,1500.0
375,Israel,BEV,2021,11000.0
376,Israel,BEV,2022,27000.0
377,Israel,PHEV,2012,1.0
378,Israel,PHEV,2013,17.0
379,Israel,PHEV,2014,52.0
380,Israel,PHEV,2015,65.0
381,Israel,PHEV,2016,63.0
382,Israel,PHEV,2017,1500.0
383,Israel,PHEV,2018,3600.0
384,Israel,PHEV,2019,3900.0
385,Israel,PHEV,2020,5400.0
386,Israel,PHEV,2021,13000.0
387,Israel,PHEV,2022,16000.0
388,Italy,BEV,2010,40.0
389,Italy,BEV,2011,110.0
390,Italy,BEV,2012,460.0
391,Italy,BEV,2013,860.0
392,Italy,BEV,2014,1000.0
393,Italy,BEV,2015,1500.0
394,Italy,BEV,2016,1400.0
395,Italy,BEV,2017,2000.0
396,Italy,BEV,2018,5000.0
397,Italy,BEV,2019,11000.0
398,Italy,BEV,2020,33000.0
399,Italy,BEV,2021,67000.0
400,Italy,BEV,2022,49000.0
401,Italy,PHEV,2013,180.0
402,Italy,PHEV,2014,340.0
403,Italy,PHEV,2015,740.0
404,Italy,PHEV,2016,1300.0
405,Italy,PHEV,2017,2900.0
406,Italy,PHEV,2018,4700.0
407,Italy,PHEV,2019,6500.0
408,Italy,PHEV,2020,27000.0
409,Italy,PHEV,2021,71000.0
410,Italy,PHEV,2022,65000.0
411,Japan,BEV,2010,2400.0
412,Japan,BEV,2011,13000.0
413,Japan,BEV,2012,13000.0
414,Japan,BEV,2013,15000.0
415,Japan,BEV,2014,16000.0
416,Japan,BEV,2015,10000.0
417,Japan,BEV,2016,15000.0
418,Japan,BEV,2017,18000.0
419,Japan,BEV,2018,27000.0
420,Japan,BEV,2019,21000.0
421,Japan,BEV,2020,15000.0
422,Japan,BEV,2021,22000.0
423,Japan,BEV,2022,61000.0
424,Japan,PHEV,2011,15.0
425,Japan,PHEV,2012,11000.0
426,Japan,PHEV,2013,14000.0
427,Japan,PHEV,2014,16000.0
428,Japan,PHEV,2015,14000.0
429,Japan,PHEV,2016,9400.0
430,Japan,PHEV,2017,36000.0
431,Japan,PHEV,2018,23000.0
432,Japan,PHEV,2019,18000.0
433,Japan,PHEV,2020,15000.0
434,Japan,PHEV,2021,23000.0
435,Japan,PHEV,2022,41000.0
436,Korea,BEV,2010,61.0
437,Korea,BEV,2011,270.0
438,Korea,BEV,2012,510.0
439,Korea,BEV,2013,600.0
440,Korea,BEV,2014,1300.0
441,Korea,BEV,2015,3100.0
442,Korea,BEV,2016,4700.0
443,Korea,BEV,2017,14000.0
444,Korea,BEV,2018,55000.0
445,Korea,BEV,2019,33000.0
446,Korea,BEV,2020,31000.0
447,Korea,BEV,2021,72000.0
448,Korea,BEV,2022,120000.0
449,Korea,PHEV,2015,250.0
450,Korea,PHEV,2016,330.0
451,Korea,PHEV,2017,670.0
452,Korea,PHEV,2018,4400.0
453,Korea,PHEV,2019,2700.0
454,Korea,PHEV,2020,8700.0
455,Korea,PHEV,2021,19000.0
456,Korea,PHEV,2022,11000.0
457,Mexico,BEV,2011,3.0
458,Mexico,BEV,2012,88.0
459,Mexico,BEV,2013,12.0
460,Mexico,BEV,2014,48.0
461,Mexico,BEV,2015,92.0
462,Mexico,BEV,2016,250.0
463,Mexico,BEV,2017,230.0
464,Mexico,BEV,2018,200.0
465,Mexico,BEV,2019,290.0
466,Mexico,BEV,2020,1800.0
467,Mexico,BEV,2021,3000.0
468,Mexico,BEV,2022,4400.0
469,Mexico,PHEV,2015,7.0
470,Mexico,PHEV,2016,520.0
471,Mexico,PHEV,2017,970.0
472,Mexico,PHEV,2018,1600.0
473,Mexico,PHEV,2019,1400.0
474,Mexico,PHEV,2020,2000.0
475,Mexico,PHEV,2021,3500.0
476,Mexico,PHEV,2022,4000.0
477,Netherlands,BEV,2010,120.0
478,Netherlands,BEV,2011,860.0
479,Netherlands,BEV,2012,790.0
480,Netherlands,BEV,2013,2600.0
481,Netherlands,BEV,2014,2700.0
482,Netherlands,BEV,2015,3800.0
483,Netherlands,BEV,2016,4100.0
484,Netherlands,BEV,2017,9200.0
485,Netherlands,BEV,2018,24000.0
486,Netherlands,BEV,2019,62000.0
487,Netherlands,BEV,2020,73000.0
488,Netherlands,BEV,2021,64000.0
489,Netherlands,BEV,2022,73000.0
490,Netherlands,PHEV,2011,17.0
491,Netherlands,PHEV,2012,4300.0
492,Netherlands,PHEV,2013,20000.0
493,Netherlands,PHEV,2014,12000.0
494,Netherlands,PHEV,2015,41000.0
495,Netherlands,PHEV,2016,19000.0
496,Netherlands,PHEV,2017,1100.0
497,Netherlands,PHEV,2018,3500.0
498,Netherlands,PHEV,2019,4900.0
499,Netherlands,PHEV,2020,15000.0
500,Netherlands,PHEV,2021,31000.0
501,Netherlands,PHEV,2022,34000.0
502,New Zealand,BEV,2010,10.0
503,New Zealand,BEV,2011,13.0
504,New Zealand,BEV,2012,22.0
505,New Zealand,BEV,2013,30.0
506,New Zealand,BEV,2014,110.0
507,New Zealand,BEV,2015,300.0
508,New Zealand,BEV,2016,1200.0
509,New Zealand,BEV,2017,2900.0
510,New Zealand,BEV,2018,4400.0
511,New Zealand,BEV,2019,5300.0
512,New Zealand,BEV,2020,3900.0
513,New Zealand,BEV,2021,6800.0
514,New Zealand,BEV,2022,19000.0
515,New Zealand,PHEV,2011,2.0
516,New Zealand,PHEV,2012,5.0
517,New Zealand,PHEV,2013,6.0
518,New Zealand,PHEV,2014,210.0
519,New Zealand,PHEV,2015,200.0
520,New Zealand,PHEV,2016,340.0
521,New Zealand,PHEV,2017,540.0
522,New Zealand,PHEV,2018,1200.0
523,New Zealand,PHEV,2019,1600.0
524,New Zealand,PHEV,2020,1500.0
525,New Zealand,PHEV,2021,3500.0
526,New Zealand,PHEV,2022,9200.0
527,Norway,BEV,2010,360.0
528,Norway,BEV,2011,2000.0
529,Norway,BEV,2012,3900.0
530,Norway,BEV,2013,7900.0
531,Norway,BEV,2014,20000.0
532,Norway,BEV,2015,26000.0
533,Norway,BEV,2016,24000.0
534,Norway,BEV,2017,33000.0
535,Norway,BEV,2018,46000.0
536,Norway,BEV,2019,60000.0
537,Norway,BEV,2020,77000.0
538,Norway,BEV,2021,110000.0
539,Norway,BEV,2022,150000.0
540,Norway,PHEV,2012,320.0
541,Norway,PHEV,2013,340.0
542,Norway,PHEV,2014,1700.0
543,Norway,PHEV,2015,7900.0
544,Norway,PHEV,2016,21000.0
545,Norway,PHEV,2017,29000.0
546,Norway,PHEV,2018,27000.0
547,Norway,PHEV,2019,19000.0
548,Norway,PHEV,2020,29000.0
549,Norway,PHEV,2021,38000.0
550,Norway,PHEV,2022,16000.0
551,Other Europe,BEV,2010,21.0
552,Other Europe,BEV,2011,180.0
553,Other Europe,BEV,2012,750.0
554,Other Europe,BEV,2013,220.0
555,Other Europe,BEV,2014,1200.0
556,Other Europe,BEV,2015,1300.0
557,Other Europe,BEV,2016,1500.0
558,Other Europe,BEV,2017,3200.0
559,Other Europe,BEV,2018,6300.0
560,Other Europe,BEV,2019,11000.0
561,Other Europe,BEV,2020,21000.0
562,Other Europe,BEV,2021,35000.0
563,Other Europe,BEV,2022,53000.0
564,Other Europe,PHEV,2012,4.0
565,Other Europe,PHEV,2014,2.0
566,Other Europe,PHEV,2015,140.0
567,Other Europe,PHEV,2016,540.0
568,Other Europe,PHEV,2017,1800.0
569,Other Europe,PHEV,2018,2300.0
570,Other Europe,PHEV,2019,5000.0
571,Other Europe,PHEV,2020,13000.0
572,Other Europe,PHEV,2021,25000.0
573,Other Europe,PHEV,2022,25000.0
574,Poland,BEV,2010,15.0
575,Poland,BEV,2011,43.0
576,Poland,BEV,2012,44.0
577,Poland,BEV,2013,31.0
578,Poland,BEV,2014,140.0
579,Poland,BEV,2015,70.0
580,Poland,BEV,2016,110.0
581,Poland,BEV,2017,440.0
582,Poland,BEV,2018,620.0
583,Poland,BEV,2019,1500.0
584,Poland,BEV,2020,3700.0
585,Poland,BEV,2021,7200.0
586,Poland,BEV,2022,14000.0
587,Poland,PHEV,2010,1.0
588,Poland,PHEV,2012,4.0
589,Poland,PHEV,2013,6.0
590,Poland,PHEV,2014,61.0
591,Poland,PHEV,2015,150.0
592,Poland,PHEV,2016,400.0
593,Poland,PHEV,2017,640.0
594,Poland,PHEV,2018,760.0
595,Poland,PHEV,2019,1200.0
596,Poland,PHEV,2020,4500.0
597,Poland,PHEV,2021,9100.0
598,Poland,PHEV,2022,11000.0
599,Portugal,BEV,2010,720.0
600,Portugal,BEV,2011,190.0
601,Portugal,BEV,2012,52.0
602,Portugal,BEV,2013,170.0
603,Portugal,BEV,2014,190.0
604,Portugal,BEV,2015,640.0
605,Portugal,BEV,2016,810.0
606,Portugal,BEV,2017,1900.0
607,Portugal,BEV,2018,4100.0
608,Portugal,BEV,2019,6900.0
609,Portugal,BEV,2020,7800.0
610,Portugal,BEV,2021,13000.0
611,Portugal,BEV,2022,18000.0
612,Portugal,PHEV,2013,37.0
613,Portugal,PHEV,2014,9.0
614,Portugal,PHEV,2015,480.0
615,Portugal,PHEV,2016,1000.0
616,Portugal,PHEV,2017,2500.0
617,Portugal,PHEV,2018,3900.0
618,Portugal,PHEV,2019,5800.0
619,Portugal,PHEV,2020,12000.0
620,Portugal,PHEV,2021,16000.0
621,Portugal,PHEV,2022,16000.0
622,Rest of the world,BEV,2011,42.0
623,Rest of the world,BEV,2012,280.0
624,Rest of the world,BEV,2013,140.0
625,Rest of the world,BEV,2014,120.0
626,Rest of the world,BEV,2015,3300.0
627,Rest of the world,BEV,2016,890.0
628,Rest of the world,BEV,2017,1700.0
629,Rest of the world,BEV,2018,1600.0
630,Rest of the world,BEV,2019,4000.0
631,Rest of the world,BEV,2020,5700.0
632,Rest of the world,BEV,2021,14000.0
633,Rest of the world,BEV,2022,25000.0
634,Rest of the world,PHEV,2012,68.0
635,Rest of the world,PHEV,2013,21.0
636,Rest of the world,PHEV,2014,400.0
637,Rest of the world,PHEV,2015,900.0
638,Rest of the world,PHEV,2016,700.0
639,Rest of the world,PHEV,2017,550.0
640,Rest of the world,PHEV,2018,2200.0
641,Rest of the world,PHEV,2019,2400.0
642,Rest of the world,PHEV,2020,2800.0
643,Rest of the world,PHEV,2021,5400.0
644,Rest of the world,PHEV,2022,5300.0
645,South Africa,BEV,2013,34.0
646,South Africa,BEV,2014,14.0
647,South Africa,BEV,2015,120.0
648,South Africa,BEV,2016,100.0
649,South Africa,BEV,2017,68.0
650,South Africa,BEV,2018,66.0
651,South Africa,BEV,2019,160.0
652,South Africa,BEV,2020,92.0
653,South Africa,BEV,2021,220.0
654,South Africa,BEV,2022,500.0
655,South Africa,PHEV,2014,1.0
656,South Africa,PHEV,2015,120.0
657,South Africa,PHEV,2016,280.0
658,South Africa,PHEV,2017,130.0
659,South Africa,PHEV,2018,82.0
660,South Africa,PHEV,2019,72.0
661,South Africa,PHEV,2020,150.0
662,South Africa,PHEV,2021,51.0
663,South Africa,PHEV,2022,120.0
664,Spain,BEV,2010,76.0
665,Spain,BEV,2011,390.0
666,Spain,BEV,2012,430.0
667,Spain,BEV,2013,810.0
668,Spain,BEV,2014,1400.0
669,Spain,BEV,2015,1300.0
670,Spain,BEV,2016,2000.0
671,Spain,BEV,2017,3900.0
672,Spain,BEV,2018,6000.0
673,Spain,BEV,2019,10000.0
674,Spain,BEV,2020,18000.0
675,Spain,BEV,2021,24000.0
676,Spain,BEV,2022,33000.0
677,Spain,PHEV,2011,8.0
678,Spain,PHEV,2012,110.0
679,Spain,PHEV,2013,72.0
680,Spain,PHEV,2014,330.0
681,Spain,PHEV,2015,780.0
682,Spain,PHEV,2016,1500.0
683,Spain,PHEV,2017,3500.0
684,Spain,PHEV,2018,5600.0
685,Spain,PHEV,2019,7400.0
686,Spain,PHEV,2020,24000.0
687,Spain,PHEV,2021,43000.0
688,Spain,PHEV,2022,49000.0
689,Sweden,BEV,2010,4.0
690,Sweden,BEV,2011,180.0
691,Sweden,BEV,2012,270.0
692,Sweden,BEV,2013,430.0
693,Sweden,BEV,2014,1200.0
694,Sweden,BEV,2015,3000.0
695,Sweden,BEV,2016,2900.0
696,Sweden,BEV,2017,4400.0
697,Sweden,BEV,2018,7100.0
698,Sweden,BEV,2019,16000.0
699,Sweden,BEV,2020,28000.0
700,Sweden,BEV,2021,57000.0
701,Sweden,BEV,2022,96000.0
702,Sweden,PHEV,2012,660.0
703,Sweden,PHEV,2013,1100.0
704,Sweden,PHEV,2014,3400.0
705,Sweden,PHEV,2015,5700.0
706,Sweden,PHEV,2016,10000.0
707,Sweden,PHEV,2017,16000.0
708,Sweden,PHEV,2018,22000.0
709,Sweden,PHEV,2019,25000.0
710,Sweden,PHEV,2020,66000.0
711,Sweden,PHEV,2021,78000.0
712,Sweden,PHEV,2022,67000.0
713,Switzerland,BEV,2011,400.0
714,Switzerland,BEV,2012,340.0
715,Switzerland,BEV,2013,1200.0
716,Switzerland,BEV,2014,2700.0
717,Switzerland,BEV,2015,3300.0
718,Switzerland,BEV,2016,3300.0
719,Switzerland,BEV,2017,4800.0
720,Switzerland,BEV,2018,5100.0
721,Switzerland,BEV,2019,13000.0
722,Switzerland,BEV,2020,20000.0
723,Switzerland,BEV,2021,32000.0
724,Switzerland,BEV,2022,40000.0
725,Switzerland,PHEV,2011,41.0
726,Switzerland,PHEV,2012,400.0
727,Switzerland,PHEV,2013,170.0
728,Switzerland,PHEV,2014,200.0
729,Switzerland,PHEV,2015,2400.0
730,Switzerland,PHEV,2016,2800.0
731,Switzerland,PHEV,2017,3600.0
732,Switzerland,PHEV,2018,4400.0
733,Switzerland,PHEV,2019,4300.0
734,Switzerland,PHEV,2020,14000.0
735,Switzerland,PHEV,2021,22000.0
736,Switzerland,PHEV,2022,19000.0
737,Turkiye,BEV,2012,92.0
738,Turkiye,BEV,2014,46.0
739,Turkiye,BEV,2015,120.0
740,Turkiye,BEV,2016,44.0
741,Turkiye,BEV,2017,77.0
742,Turkiye,BEV,2018,190.0
743,Turkiye,BEV,2019,230.0
744,Turkiye,BEV,2020,890.0
745,Turkiye,BEV,2021,3000.0
746,Turkiye,BEV,2022,7000.0
747,Turkiye,PHEV,2013,1.0
748,Turkiye,PHEV,2014,22.0
749,Turkiye,PHEV,2015,110.0
750,Turkiye,PHEV,2016,83.0
751,Turkiye,PHEV,2017,34.0
752,Turkiye,PHEV,2018,45.0
753,Turkiye,PHEV,2019,94.0
754,Turkiye,PHEV,2020,400.0
755,Turkiye,PHEV,2021,920.0
756,Turkiye,PHEV,2022,540.0
757,USA,BEV,2010,1200.0
758,USA,BEV,2011,9800.0
759,USA,BEV,2012,15000.0
760,USA,BEV,2013,48000.0
761,USA,BEV,2014,63000.0
762,USA,BEV,2015,71000.0
763,USA,BEV,2016,87000.0
764,USA,BEV,2017,100000.0
765,USA,BEV,2018,240000.0
766,USA,BEV,2019,240000.0
767,USA,BEV,2020,230000.0
768,USA,BEV,2021,470000.0
769,USA,BEV,2022,800000.0
770,USA,PHEV,2011,8000.0
771,USA,PHEV,2012,39000.0
772,USA,PHEV,2013,49000.0
773,USA,PHEV,2014,55000.0
774,USA,PHEV,2015,43000.0
775,USA,PHEV,2016,73000.0
776,USA,PHEV,2017,94000.0
777,USA,PHEV,2018,120000.0
778,USA,PHEV,2019,85000.0
779,USA,PHEV,2020,64000.0
780,USA,PHEV,2021,160000.0
781,USA,PHEV,2022,190000.0
782,United Kingdom,BEV,2010,240.0
783,United Kingdom,BEV,2011,1200.0
784,United Kingdom,BEV,2012,1600.0
785,United Kingdom,BEV,2013,2600.0
786,United Kingdom,BEV,2014,6700.0
787,United Kingdom,BEV,2015,10000.0
788,United Kingdom,BEV,2016,10000.0
789,United Kingdom,BEV,2017,14000.0
790,United Kingdom,BEV,2018,16000.0
791,United Kingdom,BEV,2019,38000.0
792,United Kingdom,BEV,2020,110000.0
793,United Kingdom,BEV,2021,190000.0
794,United Kingdom,BEV,2022,270000.0
795,United Kingdom,PHEV,2010,21.0
796,United Kingdom,PHEV,2011,7.0
797,United Kingdom,PHEV,2012,970.0
798,United Kingdom,PHEV,2013,1100.0
799,United Kingdom,PHEV,2014,7800.0
800,United Kingdom,PHEV,2015,19000.0
801,United Kingdom,PHEV,2016,29000.0
802,United Kingdom,PHEV,2017,35000.0
803,United Kingdom,PHEV,2018,46000.0
804,United Kingdom,PHEV,2019,37000.0
805,United Kingdom,PHEV,2020,68000.0
806,United Kingdom,PHEV,2021,120000.0
807,United Kingdom,PHEV,2022,100000.0
